"Guid","Configuration__c","CurrencyIsoCode","Engineering_Options__c","Image_Height__c","Image_Width__c","Linux__c","Mac__c","Memory_Config__c","Product_Solution__c","Protected_Devices__c","Resource_Location__c","SBQQ__AppliedImmediatelyContext__c","SBQQ__AppliedImmediately__c","SBQQ__Bundled__c","SBQQ__CanOrderSeparately__c","SBQQ__ComponentCodePosition__c","SBQQ__ComponentCode__c","SBQQ__ComponentDescriptionPosition__c","SBQQ__ComponentDescription__c","SBQQ__ConfiguredSKU__c","SBQQ__DefaultPricingTable__c","SBQQ__DiscountAmount__c","SBQQ__DiscountSchedule__c","SBQQ__Discount__c","SBQQ__DiscountedByPackage__c","SBQQ__ExistingQuantity__c","SBQQ__Feature__c","SBQQ__MaxQuantity__c","SBQQ__MinQuantity__c","SBQQ__Number__c","SBQQ__OptionalSKU__c","SBQQ__QuantityEditable__c","SBQQ__Quantity__c","SBQQ__QuoteLineVisibility__c","SBQQ__Required__c","SBQQ__Selected__c","SBQQ__SubscriptionScope__c","SBQQ__System__c","SBQQ__Type__c","SBQQ__UnitPrice__c","SBQQ__UpliftedByPackage__c","Storage__c","U_s_Occupied__c"
01beaea8-4bcc-4853-bc68-54e16ce3b71f,"#N/A",USD,"#N/A","#N/A","#N/A",false,false,"#N/A","#N/A","#N/A","#N/A","#N/A",false,false,false,"#N/A","#N/A","#N/A","#N/A",7c2c2842-78c5-4562-9c4e-4c422d31546b,"#N/A","#N/A","#N/A","#N/A",false,"#N/A",c193cab7-9592-4d97-893a-e4027926e81c,"#N/A","#N/A",250.0,8dade82b-383f-4925-8414-2601290c5ff9,true,1.0,"#N/A",false,false,"#N/A",false,Related Product,"#N/A",false,false,"#N/A"
044b985c-0d87-4d8c-8e72-1c2529d6f57f,"#N/A",USD,"#N/A","#N/A","#N/A",false,false,"#N/A","#N/A",240.0,"#N/A","#N/A",false,false,false,"#N/A","#N/A","#N/A","#N/A",7c2c2842-78c5-4562-9c4e-4c422d31546b,"#N/A","#N/A","#N/A","#N/A",false,"#N/A",26591d8f-5325-4993-ad80-cb9d4bf5ea69,"#N/A","#N/A",530.0,9be80914-2067-4019-9e28-3375f9b45d92,true,1.0,"#N/A",false,false,"#N/A",false,Related Product,"#N/A",false,false,"#N/A"
05c81893-f389-4ba8-a284-20a6997ea0d4,"#N/A",USD,"#N/A","#N/A","#N/A",false,false,"#N/A","#N/A","#N/A","#N/A","#N/A",false,false,false,"#N/A","#N/A","#N/A","#N/A",7c2c2842-78c5-4562-9c4e-4c422d31546b,"#N/A","#N/A","#N/A","#N/A",false,"#N/A",7fa030d3-249f-48a5-a4d8-131da90950e4,"#N/A","#N/A",720.0,78d420f6-6447-4162-b3af-d0e5f029489d,false,1.0,"#N/A",false,false,"#N/A",false,Related Product,"#N/A",false,false,"#N/A"
06e0e521-a521-4582-a48f-5e2366aaebd9,"#N/A",USD,"#N/A","#N/A","#N/A",false,false,"#N/A","#N/A",240.0,"#N/A","#N/A",false,false,false,"#N/A","#N/A","#N/A","#N/A",66973606-e9b9-4f41-bacd-48e4878af41f,"#N/A","#N/A","#N/A","#N/A",false,"#N/A",3a01afec-0be0-4dea-9633-246588f2953f,"#N/A","#N/A",500.0,88b634df-f1af-4105-b747-f3e5196e1edb,true,1.0,"#N/A",false,false,"#N/A",false,Related Product,"#N/A",false,false,"#N/A"
0a185474-0890-4141-9b3f-16313848d07f,"#N/A",USD,Extended Care,"#N/A","#N/A",false,true,"#N/A","#N/A",240.0,Onsite,"#N/A",false,false,false,"#N/A","#N/A","#N/A","#N/A",3f698810-9057-478b-8e35-b24c9fc3374a,"#N/A","#N/A","#N/A","#N/A",false,"#N/A","#N/A","#N/A","#N/A",100.0,"#N/A",false,1.0,"#N/A",true,true,"#N/A",false,Accessory,"#N/A",false,false,"#N/A"
0a5a8434-f07d-46b7-9ce8-6f12133a1d4e,"#N/A",USD,"#N/A","#N/A","#N/A",false,true,"#N/A","#N/A",240.0,"#N/A","#N/A",false,false,false,"#N/A","#N/A","#N/A","#N/A",c7d56634-c54c-449c-b0bc-19b3793223df,"#N/A","#N/A","#N/A","#N/A",false,"#N/A",0d27392f-b107-4e06-8f01-b88fddcf931b,"#N/A","#N/A",420.0,ba36e4a7-4dce-4d18-ba36-69f8069bed3f,false,1.0,Always,false,false,"#N/A",false,Component,"#N/A",false,false,"#N/A"
0b178c3d-a205-48c8-8698-ec53c3ed3662,"#N/A",USD,"#N/A","#N/A","#N/A",false,false,"#N/A","#N/A",240.0,"#N/A","#N/A",false,false,false,"#N/A","#N/A","#N/A","#N/A",66973606-e9b9-4f41-bacd-48e4878af41f,"#N/A","#N/A","#N/A","#N/A",false,"#N/A",7a263374-074b-410c-85f3-df060d3aebe0,"#N/A","#N/A",250.0,8dade82b-383f-4925-8414-2601290c5ff9,true,1.0,"#N/A",false,false,"#N/A",false,Related Product,"#N/A",false,false,"#N/A"
0b537fa7-f392-47c9-aee4-d7735022d8a8,"#N/A",USD,"#N/A","#N/A","#N/A",false,false,"#N/A","#N/A","#N/A","#N/A","#N/A",false,false,false,"#N/A","#N/A","#N/A","#N/A",dca7fde9-8b84-4fbb-b759-e32e06ac1f45,"#N/A","#N/A","#N/A","#N/A",false,"#N/A",16bfefcc-e85c-4bba-9c7d-a9f53c560642,"#N/A",1.0,10.0,14882bbe-8db4-44ac-a94a-9285d8f1beb5,true,1.0,"#N/A",true,false,"#N/A",false,Component,"#N/A",false,false,"#N/A"
0b65fe6f-815b-47a3-822e-28ec82d90c6c,"#N/A",USD,"#N/A","#N/A","#N/A",false,true,"#N/A","#N/A",240.0,"#N/A","#N/A",false,false,false,"#N/A","#N/A","#N/A","#N/A",c7d56634-c54c-449c-b0bc-19b3793223df,"#N/A","#N/A","#N/A","#N/A",false,"#N/A",b75b6351-7fd6-43d5-8f31-529721dd07f8,"#N/A","#N/A",1010.0,126e4393-c268-44ac-96e6-8f046ca86225,false,1.0,Always,false,false,"#N/A",false,Accessory,"#N/A",false,false,"#N/A"
0b677740-d9f0-421b-8571-c48dee75d18f,"#N/A",USD,"#N/A","#N/A","#N/A",false,false,"#N/A","#N/A","#N/A","#N/A","#N/A",false,false,false,"#N/A","#N/A","#N/A","#N/A",dca7fde9-8b84-4fbb-b759-e32e06ac1f45,"#N/A","#N/A","#N/A","#N/A",false,"#N/A",16bfefcc-e85c-4bba-9c7d-a9f53c560642,"#N/A",2.0,20.0,c2e0c529-b2e7-45f9-9e39-521b4a5a2f15,true,2.0,"#N/A",true,false,"#N/A",false,Component,"#N/A",false,false,"#N/A"
0b904018-9fea-454a-806e-54ee81329f72,"#N/A",USD,"#N/A","#N/A","#N/A",false,false,"#N/A","#N/A",240.0,"#N/A","#N/A",true,false,false,"#N/A","#N/A","#N/A","#N/A",66973606-e9b9-4f41-bacd-48e4878af41f,"#N/A","#N/A","#N/A","#N/A",false,"#N/A",5924056a-eaab-4240-8f96-d77949fa3ae1,"#N/A","#N/A",20.0,15bdf9c7-5f0d-4951-9f4c-7526f5bb14d0,false,1.0,"#N/A",false,false,"#N/A",false,Related Product,"#N/A",false,false,"#N/A"
0b970467-e10d-418b-8623-88bc0564484f,"#N/A",USD,"#N/A","#N/A","#N/A",false,false,"#N/A","#N/A",240.0,"#N/A","#N/A",false,false,false,"#N/A","#N/A","#N/A","#N/A",66973606-e9b9-4f41-bacd-48e4878af41f,"#N/A","#N/A","#N/A","#N/A",false,"#N/A",2f07d6d6-b6ea-419e-9768-e4c96ccf92cc,"#N/A","#N/A",620.0,dca7fde9-8b84-4fbb-b759-e32e06ac1f45,false,1.0,"#N/A",false,false,"#N/A",false,Related Product,"#N/A",false,false,"#N/A"
114e5de3-d639-40ca-bc09-f2a6707cc641,"#N/A",USD,"#N/A","#N/A","#N/A",false,true,"#N/A","#N/A",240.0,"#N/A","#N/A",false,false,false,"#N/A","#N/A","#N/A","#N/A",009bc946-cea0-4aaf-aa98-299be283cdcb,"#N/A","#N/A","#N/A","#N/A",false,"#N/A",4c37dba1-c3bd-4993-92fd-7d88e0b038e2,1.0,0.0,330.0,61ad1bd6-9e79-4174-b9ad-e3b03c5c3044,false,1.0,"#N/A",false,false,"#N/A",false,Component,"#N/A",false,false,"#N/A"
19874584-4f24-448b-bce2-3d103c26b59d,"#N/A",USD,"#N/A","#N/A","#N/A",false,false,"#N/A","#N/A",240.0,"#N/A","#N/A",false,false,false,"#N/A","#N/A","#N/A","#N/A",66973606-e9b9-4f41-bacd-48e4878af41f,"#N/A","#N/A","#N/A","#N/A",false,"#N/A",9a4fb5d8-f468-49c5-9701-7795b43a36c5,"#N/A","#N/A",130.0,462b8c5f-b27e-4eab-966f-76ad463e251f,true,"#N/A","#N/A",false,false,"#N/A",true,Related Product,"#N/A",false,false,"#N/A"
1a935eb4-4594-4a75-b967-d3d4f751ce6e,"#N/A",USD,"#N/A","#N/A","#N/A",false,false,"#N/A","#N/A",240.0,"#N/A","#N/A",false,false,false,"#N/A","#N/A","#N/A","#N/A",7c2c2842-78c5-4562-9c4e-4c422d31546b,"#N/A","#N/A","#N/A","#N/A",false,"#N/A",26591d8f-5325-4993-ad80-cb9d4bf5ea69,"#N/A","#N/A",520.0,4ca951a2-ca36-4252-833c-fde9976dce8b,true,1.0,"#N/A",false,false,"#N/A",false,Related Product,"#N/A",false,false,"#N/A"
1c179caf-dfe5-4ac8-bc53-5af1ca169a28,"#N/A",USD,"#N/A","#N/A","#N/A",false,true,"#N/A","#N/A",240.0,"#N/A",On Selection,true,false,false,"#N/A","#N/A","#N/A","#N/A",c7d56634-c54c-449c-b0bc-19b3793223df,"#N/A","#N/A","#N/A","#N/A",false,"#N/A",43ec26ed-7289-4b2e-a899-e4554ea3ae13,"#N/A","#N/A",330.0,50831e62-b3ec-4bdd-a6d8-803872f93190,true,1.0,Always,false,false,"#N/A",false,Component,"#N/A",false,false,"#N/A"
1c506aef-8cf0-4063-9828-0783843b6270,"#N/A",USD,Extended Care,"#N/A","#N/A",false,true,"#N/A","#N/A",240.0,Onsite,"#N/A",false,false,false,"#N/A","#N/A","#N/A","#N/A",926fe7ea-bde3-4cad-8ae4-d29bd9e9fde6,"#N/A","#N/A","#N/A","#N/A",false,"#N/A",391c1a41-159a-461c-8985-4752c6a01989,"#N/A","#N/A",240.0,fde8939d-27dc-473b-8300-9b78a7b13d15,false,1.0,"#N/A",false,false,"#N/A",false,Component,"#N/A",false,false,"#N/A"
1d1a60e9-34bd-420f-96c8-87bab7e458b3,"#N/A",USD,"#N/A","#N/A","#N/A",false,true,"#N/A","#N/A",240.0,"#N/A",Always,true,false,false,"#N/A","#N/A","#N/A","#N/A",c7d56634-c54c-449c-b0bc-19b3793223df,"#N/A","#N/A","#N/A","#N/A",false,"#N/A",62915247-96ad-47d0-b953-a5d561fa91a4,"#N/A","#N/A",230.0,0f8f7ee3-359d-41ab-a6fc-442944084978,true,1.0,Always,false,false,"#N/A",false,Component,"#N/A",false,false,"#N/A"
1d5b2fad-accb-4dd3-9c5a-168a2c81d08d,"#N/A",USD,"#N/A","#N/A","#N/A",false,false,"#N/A","#N/A","#N/A","#N/A","#N/A",false,false,false,"#N/A","#N/A","#N/A","#N/A",a74e1e8b-71ab-40b5-8a76-e0349b0712e8,"#N/A","#N/A","#N/A","#N/A",false,"#N/A",889e0a27-9ed4-42a5-b579-056913474523,"#N/A","#N/A",340.0,44d268b2-2506-4b82-bf0e-48e2a5121d9c,false,1.0,"#N/A",false,false,"#N/A",false,Component,"#N/A",false,false,"#N/A"
1f43024a-5b47-4bae-b99a-10dcda26144e,"#N/A",USD,"#N/A","#N/A","#N/A",false,true,"#N/A","#N/A",240.0,"#N/A","#N/A",false,false,false,"#N/A","#N/A","#N/A","#N/A",c7d56634-c54c-449c-b0bc-19b3793223df,"#N/A","#N/A","#N/A","#N/A",false,"#N/A",0d27392f-b107-4e06-8f01-b88fddcf931b,"#N/A","#N/A",460.0,580262f5-f63a-40dd-a218-3bf65487af54,false,1.0,Always,false,true,"#N/A",false,Component,"#N/A",false,false,"#N/A"
2093a5c5-3cdb-4bd7-9c5a-e7c95a11af2e,"#N/A",USD,"#N/A","#N/A","#N/A",false,false,"#N/A","#N/A",240.0,"#N/A","#N/A",false,false,false,"#N/A","#N/A","#N/A","#N/A",7c2c2842-78c5-4562-9c4e-4c422d31546b,"#N/A","#N/A","#N/A","#N/A",false,"#N/A",26591d8f-5325-4993-ad80-cb9d4bf5ea69,"#N/A","#N/A",590.0,f8d4ec82-314d-44d1-90be-8baf47ad5425,false,1.0,"#N/A",false,false,"#N/A",false,Related Product,"#N/A",false,false,"#N/A"
2192b085-6d52-40db-a3b8-16413900ba57,"#N/A",USD,"#N/A","#N/A","#N/A",false,false,"#N/A","#N/A","#N/A","#N/A","#N/A",false,false,false,"#N/A","#N/A","#N/A","#N/A",7c2c2842-78c5-4562-9c4e-4c422d31546b,"#N/A","#N/A","#N/A","#N/A",false,"#N/A",7fa030d3-249f-48a5-a4d8-131da90950e4,"#N/A","#N/A",700.0,134190ab-33f1-4eec-b593-9c8e4e547f86,false,1.0,"#N/A",false,true,"#N/A",false,Related Product,"#N/A",false,false,"#N/A"
21957fb2-b4e5-4809-98e7-fdf254f93f1e,"#N/A",USD,"#N/A","#N/A","#N/A",false,false,"#N/A","#N/A",240.0,"#N/A","#N/A",false,false,false,"#N/A","#N/A","#N/A","#N/A",66973606-e9b9-4f41-bacd-48e4878af41f,"#N/A","#N/A","#N/A","#N/A",false,"#N/A",a9113258-699e-4072-abd1-06f20e227b79,"#N/A","#N/A",300.0,a74e1e8b-71ab-40b5-8a76-e0349b0712e8,false,1.0,"#N/A",false,false,"#N/A",false,Related Product,"#N/A",false,false,"#N/A"
23b20521-14ce-436b-9125-e897b5baccb9,"#N/A",USD,"#N/A","#N/A","#N/A",false,false,"#N/A","#N/A",240.0,"#N/A","#N/A",false,false,false,"#N/A","#N/A","#N/A","#N/A",7c2c2842-78c5-4562-9c4e-4c422d31546b,"#N/A","#N/A","#N/A","#N/A",false,"#N/A",26591d8f-5325-4993-ad80-cb9d4bf5ea69,"#N/A","#N/A",500.0,88b634df-f1af-4105-b747-f3e5196e1edb,true,1.0,"#N/A",false,false,"#N/A",false,Related Product,"#N/A",false,false,"#N/A"
24623623-ad78-4df8-b0e2-a62aec97ef11,"#N/A",USD,"#N/A","#N/A","#N/A",false,true,"#N/A","#N/A",240.0,"#N/A","#N/A",false,false,false,"#N/A","#N/A","#N/A","#N/A",c7d56634-c54c-449c-b0bc-19b3793223df,"#N/A","#N/A","#N/A","#N/A",false,"#N/A",0d27392f-b107-4e06-8f01-b88fddcf931b,"#N/A","#N/A",440.0,f39154d3-260b-48b3-b562-61a24d5eeb9d,false,1.0,Always,false,false,"#N/A",false,Component,"#N/A",false,false,"#N/A"
25306198-f4b1-47e3-b070-d47f27b62426,"#N/A",USD,"#N/A","#N/A","#N/A",false,false,"#N/A","#N/A",240.0,"#N/A","#N/A",false,false,false,"#N/A","#N/A","#N/A","#N/A",66973606-e9b9-4f41-bacd-48e4878af41f,"#N/A","#N/A","#N/A","#N/A",false,"#N/A",5924056a-eaab-4240-8f96-d77949fa3ae1,"#N/A","#N/A",10.0,432fb8e4-e17b-404c-8a8c-321e1a968a4c,false,1.0,"#N/A",false,true,"#N/A",false,Related Product,"#N/A",false,false,"#N/A"
25e550fd-a1fe-4a1c-bad5-63e11497f2ef,"#N/A",USD,Extended Care,"#N/A","#N/A",false,true,"#N/A","#N/A",240.0,Onsite,"#N/A",false,false,false,"#N/A","#N/A","#N/A","#N/A",7235c148-a4f3-4e7d-b385-0f5809b7f241,"#N/A","#N/A","#N/A","#N/A",false,"#N/A",cc61593e-367b-4b69-a848-d5c3c8effd33,"#N/A",8.0,310.0,d4b09591-a66a-4f77-bdd8-ad3df4ff32df,true,8.0,"#N/A",false,false,"#N/A",false,Related Product,"#N/A",false,false,"#N/A"
29b66dc7-b561-42d6-83a1-8e6eaefd78c2,"#N/A",USD,"#N/A","#N/A","#N/A",false,false,"#N/A","#N/A",240.0,"#N/A","#N/A",false,false,false,"#N/A","#N/A","#N/A","#N/A",66973606-e9b9-4f41-bacd-48e4878af41f,"#N/A","#N/A","#N/A","#N/A",false,"#N/A",5924056a-eaab-4240-8f96-d77949fa3ae1,"#N/A","#N/A",30.0,ee0ed6b6-563e-4174-9b52-5cc761ff4393,false,1.0,"#N/A",false,false,"#N/A",false,Related Product,"#N/A",false,false,"#N/A"
29c4a17e-f6d5-435d-90fb-93065cc04571,"#N/A",USD,"#N/A","#N/A","#N/A",false,false,"#N/A","#N/A",240.0,"#N/A","#N/A",false,false,false,"#N/A","#N/A","#N/A","#N/A",7c2c2842-78c5-4562-9c4e-4c422d31546b,"#N/A","#N/A","#N/A","#N/A",false,"#N/A",26591d8f-5325-4993-ad80-cb9d4bf5ea69,"#N/A","#N/A",560.0,3623b53e-7881-4437-b335-1dde970550df,true,1.0,"#N/A",false,false,"#N/A",false,Related Product,"#N/A",false,false,"#N/A"
2bcf598f-77b6-4d08-94ef-61bcd7350c6d,"#N/A",USD,Extended Care,"#N/A","#N/A",false,true,"#N/A","#N/A",240.0,Onsite,On Selection,true,false,false,"#N/A","#N/A","#N/A","#N/A",926fe7ea-bde3-4cad-8ae4-d29bd9e9fde6,"#N/A","#N/A","#N/A","#N/A",false,"#N/A",a0552eec-0389-43d1-be37-a99296b70e1f,"#N/A","#N/A",130.0,d7bc575e-eba6-4927-af69-307b6950f943,true,1.0,"#N/A",false,false,"#N/A",false,Related Product,"#N/A",false,false,"#N/A"
2f5a5ceb-2a63-494f-9938-257c1bc5f653,"#N/A",USD,Extended Care,"#N/A","#N/A",false,true,"#N/A","#N/A",240.0,Onsite,"#N/A",false,false,false,"#N/A","#N/A","#N/A","#N/A",7235c148-a4f3-4e7d-b385-0f5809b7f241,"#N/A","#N/A","#N/A","#N/A",false,"#N/A",cc61593e-367b-4b69-a848-d5c3c8effd33,"#N/A",1.0,330.0,1b84bff7-67f7-4583-9890-134810144cf1,true,8.0,"#N/A",false,false,"#N/A",false,Related Product,"#N/A",false,false,"#N/A"
31c7ba94-8858-4a42-99e2-535947a9c61d,"#N/A",USD,"#N/A","#N/A","#N/A",false,false,"#N/A","#N/A",240.0,"#N/A","#N/A",false,false,false,"#N/A","#N/A","#N/A","#N/A",66973606-e9b9-4f41-bacd-48e4878af41f,"#N/A","#N/A","#N/A","#N/A",false,"#N/A",12fb10dd-690e-424b-b51a-4f565bb8c005,"#N/A","#N/A",720.0,78d420f6-6447-4162-b3af-d0e5f029489d,false,1.0,"#N/A",false,false,"#N/A",false,Related Product,"#N/A",false,false,"#N/A"
3548f09c-35f5-4248-9a01-d5f31149c359,"#N/A",USD,"#N/A","#N/A","#N/A",false,true,"#N/A","#N/A",240.0,"#N/A",On Selection,true,false,false,"#N/A","#N/A","#N/A","#N/A",c7d56634-c54c-449c-b0bc-19b3793223df,"#N/A","#N/A","#N/A","#N/A",false,"#N/A",43ec26ed-7289-4b2e-a899-e4554ea3ae13,"#N/A","#N/A",370.0,1035d421-d0aa-45f8-b65e-7991c5197af5,true,1.0,Always,false,false,"#N/A",false,Component,"#N/A",false,false,"#N/A"
354c967d-f4b8-49e9-99fe-0f83efbf06f4,"#N/A",USD,"#N/A","#N/A","#N/A",false,true,"#N/A","#N/A",240.0,"#N/A","#N/A",false,false,false,"#N/A","#N/A","#N/A","#N/A",009bc946-cea0-4aaf-aa98-299be283cdcb,"#N/A","#N/A","#N/A","#N/A",false,"#N/A",3063e3e6-0e90-473a-949b-beab33e2a902,8.0,1.0,210.0,46c49090-b198-4a4d-9877-76e374bf1cd3,true,1.0,"#N/A",false,false,"#N/A",false,Component,"#N/A",false,false,"#N/A"
367b69de-2127-482e-a7ee-b6aaa916f7ae,"#N/A",USD,"#N/A","#N/A","#N/A",false,true,"#N/A","#N/A",240.0,"#N/A","#N/A",false,false,false,"#N/A","#N/A","#N/A","#N/A",c7d56634-c54c-449c-b0bc-19b3793223df,"#N/A","#N/A","#N/A","#N/A",false,"#N/A",e89c3846-5f3f-40e4-a7f9-3a9775d0b015,"#N/A","#N/A",710.0,340d7f5b-42ae-44a8-8ee2-e0f1af2411cf,true,1.0,Always,false,false,"#N/A",false,Component,"#N/A",false,false,"#N/A"
38336fc3-9240-455a-b8de-97bcc199f681,"#N/A",USD,"#N/A","#N/A","#N/A",false,false,"#N/A","#N/A","#N/A","#N/A","#N/A",false,false,false,"#N/A","#N/A","#N/A","#N/A",7c2c2842-78c5-4562-9c4e-4c422d31546b,"#N/A","#N/A","#N/A","#N/A",false,"#N/A",1d7eaae0-858b-4191-9fd7-247ac4dcb865,"#N/A","#N/A",300.0,a74e1e8b-71ab-40b5-8a76-e0349b0712e8,false,1.0,"#N/A",false,false,"#N/A",false,Related Product,"#N/A",false,false,"#N/A"
38ea8f6a-aa2b-4548-8f2b-9181c70a87db,"#N/A",USD,"#N/A","#N/A","#N/A",false,false,"#N/A","#N/A","#N/A","#N/A","#N/A",false,false,false,"#N/A","#N/A","#N/A","#N/A",a74e1e8b-71ab-40b5-8a76-e0349b0712e8,"#N/A","#N/A","#N/A","#N/A",false,"#N/A",889e0a27-9ed4-42a5-b579-056913474523,"#N/A","#N/A",320.0,f59e20fb-b31d-4e27-bf1c-de510c9bf47c,false,1.0,"#N/A",false,false,"#N/A",false,Component,"#N/A",false,false,"#N/A"
3a9d18eb-a772-438f-a3d0-59c6da944b62,"#N/A",USD,"#N/A","#N/A","#N/A",false,true,"#N/A","#N/A",240.0,"#N/A","#N/A",false,false,false,"#N/A","#N/A","#N/A","#N/A",009bc946-cea0-4aaf-aa98-299be283cdcb,"#N/A","#N/A","#N/A","#N/A",false,"#N/A",9f3cb582-609d-49b0-9dc2-d4f4f9e438a7,1.0,1.0,110.0,a760c6a7-9226-4ada-a75b-48f58e8b258e,false,1.0,"#N/A",false,true,"#N/A",false,Component,"#N/A",false,false,"#N/A"
3ae4e700-c8d8-47c2-ae09-956eadebe0bb,"#N/A",USD,"#N/A","#N/A","#N/A",false,false,"#N/A","#N/A",240.0,"#N/A","#N/A",false,false,false,"#N/A","#N/A","#N/A","#N/A",66973606-e9b9-4f41-bacd-48e4878af41f,"#N/A","#N/A","#N/A","#N/A",false,"#N/A",12fb10dd-690e-424b-b51a-4f565bb8c005,"#N/A","#N/A",700.0,134190ab-33f1-4eec-b593-9c8e4e547f86,false,1.0,"#N/A",false,true,"#N/A",false,Related Product,"#N/A",false,false,"#N/A"
3bd24bf5-ec85-4926-90f3-c6608a9a5e2d,"#N/A",USD,"#N/A","#N/A","#N/A",false,false,"#N/A","#N/A",240.0,"#N/A","#N/A",false,false,false,"#N/A","#N/A","#N/A","#N/A",66973606-e9b9-4f41-bacd-48e4878af41f,"#N/A","#N/A","#N/A","#N/A",false,"#N/A",7a263374-074b-410c-85f3-df060d3aebe0,"#N/A",200.0,200.0,14c3a032-2a17-4fb5-bf6f-35afba74c178,true,200.0,"#N/A",false,false,"#N/A",false,Related Product,"#N/A",false,false,"#N/A"
3cb9f304-d9fe-4047-97e3-c80f8883a610,"#N/A",USD,"#N/A","#N/A","#N/A",false,false,"#N/A","#N/A",240.0,"#N/A","#N/A",false,false,false,"#N/A","#N/A","#N/A","#N/A",66973606-e9b9-4f41-bacd-48e4878af41f,"#N/A","#N/A","#N/A","#N/A",false,"#N/A",3a01afec-0be0-4dea-9633-246588f2953f,"#N/A","#N/A",560.0,3623b53e-7881-4437-b335-1dde970550df,true,1.0,"#N/A",false,false,"#N/A",false,Related Product,"#N/A",false,false,"#N/A"
3d23ac3b-e342-48e2-853a-281720eb5079,"#N/A",USD,Extended Care,"#N/A","#N/A",false,true,"#N/A","#N/A",240.0,Onsite,"#N/A",false,false,false,"#N/A","#N/A","#N/A","#N/A",926fe7ea-bde3-4cad-8ae4-d29bd9e9fde6,"#N/A","#N/A","#N/A","#N/A",false,"#N/A",15fb50a6-2342-4f0e-8492-2c0942d61c18,"#N/A","#N/A",320.0,73e51c84-8158-44bc-a7b2-0eb1255dabb8,false,1.0,"#N/A",false,false,"#N/A",false,Component,"#N/A",false,false,"#N/A"
3f8b610d-76b3-4c8b-bed5-c5173aece93b,"#N/A",USD,"#N/A","#N/A","#N/A",false,true,"#N/A","#N/A",240.0,"#N/A","#N/A",false,false,false,"#N/A","#N/A","#N/A","#N/A",009bc946-cea0-4aaf-aa98-299be283cdcb,"#N/A","#N/A","#N/A","#N/A",false,"#N/A",4c37dba1-c3bd-4993-92fd-7d88e0b038e2,1.0,0.0,320.0,4433dca7-141f-409d-915c-73bd623dd080,false,1.0,"#N/A",false,true,"#N/A",false,Component,"#N/A",false,false,"#N/A"
48d5e0a2-f6fb-4770-af78-6ff48952c336,"#N/A",USD,"#N/A","#N/A","#N/A",false,true,"#N/A","#N/A",240.0,"#N/A",Always,true,false,false,"#N/A","#N/A","#N/A","#N/A",c7d56634-c54c-449c-b0bc-19b3793223df,"#N/A","#N/A","#N/A","#N/A",false,"#N/A",32005474-eec6-4b0e-aa52-846c605c1f81,"#N/A","#N/A",830.0,af817a0f-607f-45dc-8efe-6a0f742e8f1e,false,1.0,"#N/A",false,false,"#N/A",false,Component,"#N/A",false,false,"#N/A"
4a55c09f-7f70-4bee-b240-d7f444c138a4,"#N/A",USD,"#N/A","#N/A","#N/A",false,true,"#N/A","#N/A",240.0,"#N/A",On Selection,true,false,false,"#N/A","#N/A","#N/A","#N/A",c7d56634-c54c-449c-b0bc-19b3793223df,"#N/A","#N/A","#N/A","#N/A",false,"#N/A",43ec26ed-7289-4b2e-a899-e4554ea3ae13,"#N/A","#N/A",340.0,7e95e44a-4b7d-40e0-b175-d54cce71af6f,true,1.0,Always,false,false,"#N/A",false,Component,"#N/A",false,false,"#N/A"
53a6df78-7e30-410e-92ed-85f93c06c381,"#N/A",USD,"#N/A","#N/A","#N/A",false,false,"#N/A","#N/A","#N/A","#N/A","#N/A",false,false,false,"#N/A","#N/A","#N/A","#N/A",7c2c2842-78c5-4562-9c4e-4c422d31546b,"#N/A","#N/A","#N/A","#N/A",false,"#N/A",cc633f81-2f90-497e-8529-5f4f65e154c5,"#N/A","#N/A",620.0,dca7fde9-8b84-4fbb-b759-e32e06ac1f45,false,1.0,"#N/A",false,false,"#N/A",false,Related Product,"#N/A",false,false,"#N/A"
545adfae-daef-4268-a66f-a8415486dd22,"#N/A",USD,"#N/A","#N/A","#N/A",false,true,"#N/A","#N/A",240.0,"#N/A","#N/A",false,false,false,"#N/A","#N/A","#N/A","#N/A",c7d56634-c54c-449c-b0bc-19b3793223df,"#N/A","#N/A","#N/A","#N/A",false,"#N/A",0d27392f-b107-4e06-8f01-b88fddcf931b,"#N/A","#N/A",410.0,50f56e08-edd9-4c03-8a53-05eccd5300bc,false,1.0,Always,false,true,"#N/A",false,Related Product,"#N/A",false,false,"#N/A"
5481ad17-496b-44ff-a674-bf406aec388a,"#N/A",USD,Extended Care,"#N/A","#N/A",false,true,"#N/A","#N/A",240.0,Onsite,"#N/A",false,false,false,"#N/A","#N/A","#N/A","#N/A",7235c148-a4f3-4e7d-b385-0f5809b7f241,"#N/A","#N/A","#N/A","#N/A",false,"#N/A",6c5e0ea2-4298-4adb-b308-2ccca83a3b45,"#N/A",2.0,120.0,e8fc0332-6303-4368-926e-86605ef037f0,true,8.0,"#N/A",true,true,"#N/A",false,Related Product,"#N/A",false,false,"#N/A"
5501b783-4dbf-4c5e-8128-f4d031b0e2f7,"#N/A",USD,"#N/A","#N/A","#N/A",false,false,"#N/A","#N/A","#N/A","#N/A","#N/A",false,false,false,"#N/A","#N/A","#N/A","#N/A",7c2c2842-78c5-4562-9c4e-4c422d31546b,"#N/A","#N/A","#N/A","#N/A",false,"#N/A",31158a66-fc15-438a-b402-5ad572436af4,"#N/A","#N/A",40.0,2e03b79a-2210-4257-89bc-8390345dc542,false,1.0,"#N/A",false,false,"#N/A",false,Related Product,"#N/A",false,false,"#N/A"
55684348-47e4-44bb-9a8a-f0a82f1cd12d,"#N/A",USD,"#N/A","#N/A","#N/A",false,true,"#N/A","#N/A",240.0,"#N/A","#N/A",false,false,false,"#N/A","#N/A","#N/A","#N/A",c7d56634-c54c-449c-b0bc-19b3793223df,"#N/A","#N/A","#N/A","#N/A",false,"#N/A",2f8b4111-0a8f-4039-ba46-6a0b42ab9802,1.0,0.0,920.0,636a5450-17ce-4d4b-a242-b1e65bdb7d86,false,1.0,"#N/A",false,false,"#N/A",false,Component,"#N/A",false,false,"#N/A"
57fe2623-c8b8-4378-a7e6-52f76cc338fa,"#N/A",USD,"#N/A","#N/A","#N/A",false,false,"#N/A","#N/A","#N/A","#N/A","#N/A",false,false,false,"#N/A","#N/A","#N/A","#N/A",7c2c2842-78c5-4562-9c4e-4c422d31546b,"#N/A","#N/A","#N/A","#N/A",false,"#N/A",65451db4-c978-4257-8baf-ebbc2eeeb08c,"#N/A","#N/A",130.0,462b8c5f-b27e-4eab-966f-76ad463e251f,true,"#N/A","#N/A",false,false,"#N/A",true,Related Product,"#N/A",false,false,"#N/A"
5c74ae71-79fd-4d4c-9a9b-b60f62627b72,"#N/A",USD,"#N/A","#N/A","#N/A",false,true,"#N/A","#N/A",240.0,"#N/A","#N/A",false,false,false,"#N/A","#N/A","#N/A","#N/A",009bc946-cea0-4aaf-aa98-299be283cdcb,"#N/A","#N/A","#N/A","#N/A",false,"#N/A",3063e3e6-0e90-473a-949b-beab33e2a902,8.0,1.0,230.0,472455fc-798a-4794-bc42-8ff6d1696613,true,1.0,"#N/A",false,false,"#N/A",false,Component,"#N/A",false,false,"#N/A"
5dc2ae9c-df76-43ae-9cc3-ed43ffb6e1ec,"#N/A",USD,"#N/A","#N/A","#N/A",false,true,"#N/A","#N/A",240.0,"#N/A",Always,true,false,false,"#N/A","#N/A","#N/A","#N/A",c7d56634-c54c-449c-b0bc-19b3793223df,"#N/A","#N/A","#N/A","#N/A",false,"#N/A",32005474-eec6-4b0e-aa52-846c605c1f81,"#N/A","#N/A",840.0,2caf72d3-d00c-484a-aa56-cfc18f48e6e4,false,1.0,"#N/A",false,false,"#N/A",false,Component,"#N/A",false,false,"#N/A"
64bcc993-a343-4afc-8e79-1b58026034cf,"#N/A",USD,"#N/A","#N/A","#N/A",false,true,"#N/A","#N/A",240.0,"#N/A","#N/A",false,false,false,"#N/A","#N/A","#N/A","#N/A",c7d56634-c54c-449c-b0bc-19b3793223df,"#N/A","#N/A","#N/A","#N/A",false,"#N/A",2150f55c-9a7e-49e6-9935-9e79e9c3463c,"#N/A","#N/A",110.0,a872974e-d1d5-4801-98c8-f958f4908d9f,true,1.0,Always,false,true,"#N/A",false,Component,"#N/A",false,false,"#N/A"
6552313b-b583-4264-bf99-b5d75f59404f,"#N/A",USD,"#N/A","#N/A","#N/A",false,false,"#N/A","#N/A",240.0,"#N/A","#N/A",false,false,false,"#N/A","#N/A","#N/A","#N/A",66973606-e9b9-4f41-bacd-48e4878af41f,"#N/A","#N/A","#N/A","#N/A",false,"#N/A",5924056a-eaab-4240-8f96-d77949fa3ae1,"#N/A","#N/A",40.0,2e03b79a-2210-4257-89bc-8390345dc542,false,1.0,"#N/A",false,false,"#N/A",false,Related Product,"#N/A",false,false,"#N/A"
69a0bc76-834a-481e-ac9d-4b25ff21501c,"#N/A",USD,"#N/A","#N/A","#N/A",false,false,"#N/A","#N/A",240.0,"#N/A","#N/A",false,false,false,"#N/A","#N/A","#N/A","#N/A",66973606-e9b9-4f41-bacd-48e4878af41f,"#N/A","#N/A","#N/A","#N/A",false,"#N/A",9a4fb5d8-f468-49c5-9701-7795b43a36c5,"#N/A","#N/A",110.0,8b298ee8-15cb-44fa-b157-a91802c6649a,true,"#N/A","#N/A",false,false,"#N/A",true,Related Product,"#N/A",false,false,"#N/A"
6a77de20-9b6c-43bc-95e6-36618db66a3b,"#N/A",USD,"#N/A","#N/A","#N/A",false,true,"#N/A","#N/A","#N/A","#N/A","#N/A",false,false,false,"#N/A","#N/A","#N/A","#N/A",7c2c2842-78c5-4562-9c4e-4c422d31546b,"#N/A","#N/A","#N/A","#N/A",false,"#N/A",31158a66-fc15-438a-b402-5ad572436af4,"#N/A","#N/A",50.0,9b335ebd-128e-4fee-8097-11a92faa81c3,false,1.0,"#N/A",false,true,"#N/A",false,Related Product,"#N/A",false,false,"#N/A"
6cfe851c-c7cd-4dd2-9608-224c5daa99ed,"#N/A",USD,"#N/A","#N/A","#N/A",false,false,"#N/A","#N/A",240.0,"#N/A","#N/A",false,false,false,"#N/A","#N/A","#N/A","#N/A",66973606-e9b9-4f41-bacd-48e4878af41f,"#N/A","#N/A","#N/A","#N/A",false,"#N/A",3a01afec-0be0-4dea-9633-246588f2953f,"#N/A","#N/A",550.0,98063f39-08d6-4781-80b7-1edc15a977ce,true,1.0,"#N/A",false,false,"#N/A",false,Related Product,"#N/A",false,false,"#N/A"
6e4fd6b2-ee5d-4e43-b46f-1cc9bb13a229,"#N/A",USD,"#N/A","#N/A","#N/A",false,true,"#N/A","#N/A",240.0,"#N/A","#N/A",false,false,false,"#N/A","#N/A","#N/A","#N/A",009bc946-cea0-4aaf-aa98-299be283cdcb,"#N/A","#N/A","#N/A","#N/A",false,"#N/A",9f3cb582-609d-49b0-9dc2-d4f4f9e438a7,1.0,1.0,130.0,f5fd4bd9-9648-47fe-9aee-83cfa815ea9b,false,1.0,"#N/A",false,false,"#N/A",false,Component,"#N/A",false,false,"#N/A"
6ef81547-cc83-40d2-860f-85876bd8a4af,"#N/A",USD,"#N/A","#N/A","#N/A",false,false,"#N/A","#N/A",240.0,"#N/A","#N/A",false,false,false,"#N/A","#N/A","#N/A","#N/A",66973606-e9b9-4f41-bacd-48e4878af41f,"#N/A","#N/A","#N/A","#N/A",false,"#N/A",e75d765f-ffd9-43fd-8659-e59e521ef0fa,"#N/A","#N/A",590.0,f8d4ec82-314d-44d1-90be-8baf47ad5425,false,1.0,"#N/A",false,false,"#N/A",false,Related Product,"#N/A",false,false,"#N/A"
6fdd51d5-10c7-4850-a4c5-9e6ef02fff2c,"#N/A",USD,"#N/A","#N/A","#N/A",false,false,"#N/A","#N/A","#N/A","#N/A","#N/A",false,false,false,"#N/A","#N/A","#N/A","#N/A",7c2c2842-78c5-4562-9c4e-4c422d31546b,"#N/A","#N/A","#N/A","#N/A",false,"#N/A",31158a66-fc15-438a-b402-5ad572436af4,"#N/A","#N/A",30.0,ee0ed6b6-563e-4174-9b52-5cc761ff4393,false,1.0,"#N/A",false,false,"#N/A",false,Related Product,"#N/A",false,false,"#N/A"
70bb6858-a921-4266-9bce-918cb55efc39,"#N/A",USD,"#N/A","#N/A","#N/A",false,true,"#N/A","#N/A",240.0,"#N/A","#N/A",false,false,false,"#N/A","#N/A","#N/A","#N/A",009bc946-cea0-4aaf-aa98-299be283cdcb,"#N/A","#N/A","#N/A","#N/A",false,"#N/A",aac8976e-8595-4782-b1ba-0aca1542d160,1.0,0.0,410.0,6cf224a1-eae0-453f-9773-b11bb406b094,false,1.0,"#N/A",false,false,"#N/A",false,Component,"#N/A",false,false,"#N/A"
74ddf6a6-8e5f-411b-b50f-0b8c968686e6,"#N/A",USD,"#N/A","#N/A","#N/A",false,false,"#N/A","#N/A",240.0,"#N/A","#N/A",false,false,false,"#N/A","#N/A","#N/A","#N/A",66973606-e9b9-4f41-bacd-48e4878af41f,"#N/A","#N/A","#N/A","#N/A",false,"#N/A",2f07d6d6-b6ea-419e-9768-e4c96ccf92cc,"#N/A","#N/A",600.0,f6cd576b-77c5-4404-ab53-17caa771da15,false,1.0,"#N/A",false,true,"#N/A",false,Related Product,"#N/A",false,false,"#N/A"
76cf9e6f-56de-4598-b056-5361850b0042,"#N/A",USD,Extended Care,"#N/A","#N/A",false,true,"#N/A","#N/A",240.0,Onsite,"#N/A",false,false,false,"#N/A","#N/A","#N/A","#N/A",dca7fde9-8b84-4fbb-b759-e32e06ac1f45,"#N/A","#N/A","#N/A","#N/A",false,"#N/A",e29e891a-8d65-48de-b594-04ea7a4299bc,"#N/A","#N/A",1.0,aa6ae394-bc3c-433c-82c6-6e42a5cb220d,true,20.0,"#N/A",false,true,"#N/A",false,Related Product,"#N/A",false,false,"#N/A"
771f8739-fb25-4c07-8920-48543f463f3f,"#N/A",USD,"#N/A","#N/A","#N/A",false,true,"#N/A","#N/A",240.0,"#N/A","#N/A",false,false,false,"#N/A","#N/A","#N/A","#N/A",c7d56634-c54c-449c-b0bc-19b3793223df,"#N/A","#N/A","#N/A","#N/A",false,"#N/A",32005474-eec6-4b0e-aa52-846c605c1f81,1.0,0.0,810.0,4404aac8-0d87-476b-a4b6-1a5a3eaa43de,false,1.0,"#N/A",false,true,"#N/A",false,Component,"#N/A",false,false,"#N/A"
7831aca1-5aaf-4f9d-a6fe-444767e8e715,"#N/A",USD,"#N/A","#N/A","#N/A",false,true,"#N/A","#N/A",240.0,"#N/A","#N/A",false,false,false,"#N/A","#N/A","#N/A","#N/A",009bc946-cea0-4aaf-aa98-299be283cdcb,"#N/A","#N/A","#N/A","#N/A",false,"#N/A",9f3cb582-609d-49b0-9dc2-d4f4f9e438a7,1.0,1.0,140.0,7187c547-16cc-4d69-89f0-7b0dcb925e80,false,1.0,"#N/A",false,false,"#N/A",false,Component,"#N/A",false,false,"#N/A"
7a70c9c0-5b9e-42e6-96fe-648909503900,"#N/A",USD,Extended Care,"#N/A","#N/A",false,true,"#N/A","#N/A",240.0,Onsite,"#N/A",false,false,false,"#N/A","#N/A","#N/A","#N/A",7235c148-a4f3-4e7d-b385-0f5809b7f241,"#N/A","#N/A","#N/A","#N/A",false,"#N/A",cc61593e-367b-4b69-a848-d5c3c8effd33,"#N/A",2.0,320.0,a104a592-5778-4bb6-9fa3-04dfb953226c,true,8.0,"#N/A",false,false,"#N/A",false,Related Product,"#N/A",false,false,"#N/A"
8044799b-1c00-4d1a-9925-0fbbafdb86c9,"#N/A",USD,"#N/A","#N/A","#N/A",false,true,"#N/A","#N/A",240.0,"#N/A","#N/A",false,false,false,"#N/A","#N/A","#N/A","#N/A",c7d56634-c54c-449c-b0bc-19b3793223df,"#N/A","#N/A","#N/A","#N/A",false,"#N/A",9dc58c65-80f7-4d74-a8ce-2c6f1da4b12d,"#N/A","#N/A",1220.0,b863a8f4-2af4-4713-89fe-e171ce6a9a95,false,1.0,Always,false,false,"#N/A",false,Accessory,"#N/A",false,false,"#N/A"
84675613-20fa-4240-95f4-d859b64fce60,"#N/A",USD,"#N/A","#N/A","#N/A",false,false,"#N/A","#N/A",240.0,"#N/A","#N/A",false,false,false,"#N/A","#N/A","#N/A","#N/A",66973606-e9b9-4f41-bacd-48e4878af41f,"#N/A","#N/A","#N/A","#N/A",false,"#N/A",3a01afec-0be0-4dea-9633-246588f2953f,"#N/A","#N/A",530.0,9be80914-2067-4019-9e28-3375f9b45d92,true,1.0,"#N/A",false,false,"#N/A",false,Related Product,"#N/A",false,false,"#N/A"
87186e04-23bf-483c-b08d-afe760f10992,"#N/A",USD,"#N/A","#N/A","#N/A",false,true,"#N/A","#N/A",240.0,"#N/A",On Selection,true,false,false,"#N/A","#N/A","#N/A","#N/A",c7d56634-c54c-449c-b0bc-19b3793223df,"#N/A","#N/A","#N/A","#N/A",false,"#N/A",43ec26ed-7289-4b2e-a899-e4554ea3ae13,"#N/A","#N/A",350.0,88661d18-168c-462c-a7cd-ea9bf2b46cc2,true,1.0,Always,false,false,"#N/A",false,Component,"#N/A",false,false,"#N/A"
87343451-4036-49b6-a473-40d0b2bd313d,"#N/A",USD,"#N/A","#N/A","#N/A",false,true,"#N/A","#N/A",240.0,"#N/A",On Selection,true,false,false,"#N/A","#N/A","#N/A","#N/A",c7d56634-c54c-449c-b0bc-19b3793223df,"#N/A","#N/A","#N/A","#N/A",false,"#N/A",43ec26ed-7289-4b2e-a899-e4554ea3ae13,"#N/A","#N/A",360.0,0a536578-e1a8-447a-8e01-4773d319257a,true,1.0,Always,false,false,"#N/A",false,Component,"#N/A",false,false,"#N/A"
87684e8f-70bb-4a60-9d44-f87c97fb86e4,"#N/A",USD,"#N/A","#N/A","#N/A",false,false,"#N/A","#N/A",240.0,"#N/A","#N/A",false,false,false,"#N/A","#N/A","#N/A","#N/A",7c2c2842-78c5-4562-9c4e-4c422d31546b,"#N/A","#N/A","#N/A","#N/A",false,"#N/A",26591d8f-5325-4993-ad80-cb9d4bf5ea69,"#N/A","#N/A",550.0,98063f39-08d6-4781-80b7-1edc15a977ce,true,1.0,"#N/A",false,false,"#N/A",false,Related Product,"#N/A",false,false,"#N/A"
91f5188e-7f4c-4d8b-b6fe-e9a19b13eb1f,"#N/A",USD,"#N/A","#N/A","#N/A",false,false,"#N/A","#N/A","#N/A","#N/A","#N/A",false,false,false,"#N/A","#N/A","#N/A","#N/A",7c2c2842-78c5-4562-9c4e-4c422d31546b,"#N/A","#N/A","#N/A","#N/A",false,"#N/A",c193cab7-9592-4d97-893a-e4027926e81c,"#N/A",200.0,200.0,14c3a032-2a17-4fb5-bf6f-35afba74c178,true,200.0,"#N/A",false,false,"#N/A",false,Related Product,"#N/A",false,false,"#N/A"
91fea610-6798-4b46-a56c-a77653f8c5f6,"#N/A",USD,"#N/A","#N/A","#N/A",false,true,"#N/A","#N/A",240.0,"#N/A","#N/A",false,false,false,"#N/A","#N/A","#N/A","#N/A",c7d56634-c54c-449c-b0bc-19b3793223df,"#N/A","#N/A","#N/A","#N/A",false,"#N/A",f3aea816-9cbb-45b3-a3ef-e8a552cd6c05,"#N/A","#N/A",630.0,7bb72fbf-6c76-4f1e-b265-ab488af9c2d3,true,1.0,Always,false,false,"#N/A",false,Component,"#N/A",false,false,"#N/A"
936fd959-074c-47b7-b568-c00787aeae7a,"#N/A",USD,Extended Care,"#N/A","#N/A",false,true,"#N/A","#N/A",240.0,Onsite,"#N/A",false,false,false,"#N/A","#N/A","#N/A","#N/A",dca7fde9-8b84-4fbb-b759-e32e06ac1f45,"#N/A","#N/A","#N/A","#N/A",false,"#N/A",e29e891a-8d65-48de-b594-04ea7a4299bc,"#N/A","#N/A",4.0,d1d61cf5-0aa6-42da-8ec4-9420ef80f611,true,8.0,"#N/A",false,false,"#N/A",false,Related Product,"#N/A",false,false,"#N/A"
952a165e-edda-408a-b530-5a1d49ba3cdb,"#N/A",USD,"#N/A","#N/A","#N/A",false,false,"#N/A","#N/A","#N/A","#N/A","#N/A",false,false,false,"#N/A","#N/A","#N/A","#N/A",7c2c2842-78c5-4562-9c4e-4c422d31546b,"#N/A","#N/A","#N/A","#N/A",false,"#N/A",c193cab7-9592-4d97-893a-e4027926e81c,"#N/A","#N/A",220.0,d84d71b5-19f7-4a24-8008-0372772f6af8,true,1.0,"#N/A",false,false,"#N/A",false,Related Product,"#N/A",false,false,"#N/A"
959bcdd0-a366-4f33-936b-719398fec093,"#N/A",USD,"#N/A","#N/A","#N/A",false,true,"#N/A","#N/A",240.0,"#N/A","#N/A",false,false,false,"#N/A","#N/A","#N/A","#N/A",c7d56634-c54c-449c-b0bc-19b3793223df,"#N/A","#N/A","#N/A","#N/A",false,"#N/A",3c58bf68-0de5-488c-899b-f88185d2a246,"#N/A","#N/A",520.0,c15a7152-c7f6-4c5f-946f-75ada0391fcf,true,1.0,Always,false,false,"#N/A",false,Component,"#N/A",false,false,"#N/A"
9804898c-a37d-4f93-8824-6887ede471f6,"#N/A",USD,"#N/A","#N/A","#N/A",false,false,"#N/A","#N/A",240.0,"#N/A","#N/A",false,false,false,"#N/A","#N/A","#N/A","#N/A",66973606-e9b9-4f41-bacd-48e4878af41f,"#N/A","#N/A","#N/A","#N/A",false,"#N/A",12fb10dd-690e-424b-b51a-4f565bb8c005,"#N/A","#N/A",710.0,b1194756-d6a1-465d-908e-30d97902de38,false,1.0,"#N/A",false,false,"#N/A",false,Related Product,"#N/A",false,false,"#N/A"
9844e3f4-92a7-4bd2-84c1-3ef6ca314940,"#N/A",USD,"#N/A","#N/A","#N/A",false,false,"#N/A","#N/A","#N/A","#N/A","#N/A",false,false,false,"#N/A","#N/A","#N/A","#N/A",a74e1e8b-71ab-40b5-8a76-e0349b0712e8,"#N/A","#N/A","#N/A","#N/A",false,"#N/A",889e0a27-9ed4-42a5-b579-056913474523,"#N/A","#N/A",310.0,f3bda016-f62a-4299-8c59-61914b89418d,false,1.0,"#N/A",false,false,"#N/A",false,Component,"#N/A",false,false,"#N/A"
9aa0b2ea-6459-44f4-b9fa-46f0856472ee,"#N/A",USD,"#N/A","#N/A","#N/A",false,true,"#N/A","#N/A",240.0,"#N/A","#N/A",false,false,false,"#N/A","#N/A","#N/A","#N/A",c7d56634-c54c-449c-b0bc-19b3793223df,"#N/A","#N/A","#N/A","#N/A",false,"#N/A",0d27392f-b107-4e06-8f01-b88fddcf931b,"#N/A","#N/A",430.0,19c8c7c5-7773-4c36-b824-17028e4e227b,false,1.0,Always,false,true,"#N/A",false,Component,"#N/A",false,false,"#N/A"
9aaff54d-398c-4813-bd89-4a629329c7dd,"#N/A",USD,"#N/A","#N/A","#N/A",false,false,"#N/A","#N/A",240.0,"#N/A","#N/A",false,false,false,"#N/A","#N/A","#N/A","#N/A",66973606-e9b9-4f41-bacd-48e4878af41f,"#N/A","#N/A","#N/A","#N/A",false,"#N/A",7a263374-074b-410c-85f3-df060d3aebe0,"#N/A","#N/A",220.0,d84d71b5-19f7-4a24-8008-0372772f6af8,true,1.0,"#N/A",false,false,"#N/A",false,Related Product,"#N/A",false,false,"#N/A"
9ad650d0-ca4d-45cc-9664-e63527790160,"#N/A",USD,Extended Care,"#N/A","#N/A",false,true,"#N/A","#N/A",240.0,Onsite,"#N/A",false,false,false,"#N/A","#N/A","#N/A","#N/A",926fe7ea-bde3-4cad-8ae4-d29bd9e9fde6,"#N/A","#N/A","#N/A","#N/A",false,"#N/A",391c1a41-159a-461c-8985-4752c6a01989,5.0,"#N/A",230.0,4d39ea07-9e7b-47dc-8f2f-d499db80324c,false,1.0,"#N/A",false,false,"#N/A",false,Accessory,"#N/A",false,false,"#N/A"
9ddf57d3-050e-4966-8cbd-43ea8691ce8f,"#N/A",USD,"#N/A","#N/A","#N/A",false,true,"#N/A","#N/A",240.0,"#N/A","#N/A",false,false,false,"#N/A","#N/A","#N/A","#N/A",009bc946-cea0-4aaf-aa98-299be283cdcb,"#N/A","#N/A","#N/A","#N/A",false,"#N/A",3063e3e6-0e90-473a-949b-beab33e2a902,8.0,1.0,220.0,aba91f80-c2aa-4f0c-9151-f39d57807826,true,1.0,"#N/A",false,true,"#N/A",false,Component,"#N/A",false,false,"#N/A"
9f1ede9e-0f73-4511-95d8-af70700634e7,"#N/A",USD,"#N/A","#N/A","#N/A",false,false,"#N/A","#N/A",240.0,"#N/A","#N/A",false,false,false,"#N/A","#N/A","#N/A","#N/A",66973606-e9b9-4f41-bacd-48e4878af41f,"#N/A","#N/A","#N/A","#N/A",false,"#N/A",9a4fb5d8-f468-49c5-9701-7795b43a36c5,"#N/A","#N/A",120.0,cd5526e1-e2a8-4d16-a60c-38b3742e7b3a,true,"#N/A","#N/A",false,false,"#N/A",true,Related Product,"#N/A",false,false,"#N/A"
a03ae8c3-b26a-4c91-8ed9-c258238bb4bd,"#N/A",USD,Extended Care,"#N/A","#N/A",false,true,"#N/A","#N/A",240.0,Onsite,"#N/A",false,false,false,"#N/A","#N/A","#N/A","#N/A",926fe7ea-bde3-4cad-8ae4-d29bd9e9fde6,"#N/A","#N/A","#N/A","#N/A",false,"#N/A",15fb50a6-2342-4f0e-8492-2c0942d61c18,"#N/A","#N/A",310.0,f002204c-611c-4cbc-8fdd-95993c7eab8e,true,1.0,"#N/A",false,true,"#N/A",false,Related Product,"#N/A",false,false,"#N/A"
a160ff55-d7a9-4b1f-8c3a-6310af6e4d80,"#N/A",USD,Extended Care,"#N/A","#N/A",false,true,"#N/A","#N/A",240.0,Onsite,"#N/A",false,false,false,"#N/A","#N/A","#N/A","#N/A",926fe7ea-bde3-4cad-8ae4-d29bd9e9fde6,"#N/A","#N/A","#N/A","#N/A",false,"#N/A",391c1a41-159a-461c-8985-4752c6a01989,"#N/A","#N/A",250.0,70d5e872-c19c-4be6-afd4-8807cd731e53,false,1.0,"#N/A",false,false,"#N/A",false,Component,"#N/A",false,false,"#N/A"
a39bde17-b978-49dd-9db5-ecffc5c88bf6,"#N/A",USD,"#N/A","#N/A","#N/A",false,true,"#N/A","#N/A",240.0,"#N/A","#N/A",false,false,false,"#N/A","#N/A","#N/A","#N/A",009bc946-cea0-4aaf-aa98-299be283cdcb,"#N/A","#N/A","#N/A","#N/A",false,"#N/A",9f3cb582-609d-49b0-9dc2-d4f4f9e438a7,1.0,1.0,120.0,cc1ebaa0-2d5b-4af0-b6d4-28d7275300d2,false,1.0,"#N/A",false,false,"#N/A",false,Component,"#N/A",false,false,"#N/A"
a5259820-27a8-4d03-964d-479b4e04ff72,"#N/A",USD,Extended Care,"#N/A","#N/A",false,true,"#N/A","#N/A",240.0,Onsite,"#N/A",false,false,false,"#N/A","#N/A","#N/A","#N/A",dca7fde9-8b84-4fbb-b759-e32e06ac1f45,"#N/A","#N/A","#N/A","#N/A",false,"#N/A",e29e891a-8d65-48de-b594-04ea7a4299bc,"#N/A","#N/A",5.0,01e62795-f515-4e24-9ed5-50b17c1e08f3,true,2.0,"#N/A",false,false,"#N/A",false,Related Product,"#N/A",false,false,"#N/A"
a5556d4a-6055-4956-bb4c-4a616ce0367b,"#N/A",USD,"#N/A","#N/A","#N/A",false,false,"#N/A","#N/A","#N/A","#N/A","#N/A",false,false,false,"#N/A","#N/A","#N/A","#N/A",dca7fde9-8b84-4fbb-b759-e32e06ac1f45,"#N/A","#N/A","#N/A","#N/A",false,"#N/A",54d5150f-4970-4820-a596-f761ca8fa5c0,"#N/A","#N/A",110.0,83cadbc0-2df8-4f50-b051-518adc9ee839,true,4.0,"#N/A",false,false,"#N/A",false,Component,"#N/A",false,false,"#N/A"
a5960e38-5102-466b-b139-21fb7ab3a8e4,"#N/A",USD,"#N/A","#N/A","#N/A",false,true,"#N/A","#N/A",240.0,"#N/A",Always,true,false,false,"#N/A","#N/A","#N/A","#N/A",c7d56634-c54c-449c-b0bc-19b3793223df,"#N/A","#N/A","#N/A","#N/A",false,"#N/A",32005474-eec6-4b0e-aa52-846c605c1f81,"#N/A","#N/A",820.0,d7a875f1-1bda-4334-bfcc-dc3a4f33d342,false,1.0,"#N/A",false,false,"#N/A",false,Component,"#N/A",false,false,"#N/A"
a5a94481-5cc4-4c56-b761-1f3a73ab3010,"#N/A",USD,"#N/A","#N/A","#N/A",false,true,"#N/A","#N/A",240.0,"#N/A","#N/A",false,false,false,"#N/A","#N/A","#N/A","#N/A",c7d56634-c54c-449c-b0bc-19b3793223df,"#N/A","#N/A","#N/A","#N/A",false,"#N/A",f3aea816-9cbb-45b3-a3ef-e8a552cd6c05,"#N/A","#N/A",620.0,b504e1f8-9d58-411c-8999-1d4c70a638b7,true,1.0,Always,false,false,"#N/A",false,Component,"#N/A",false,false,"#N/A"
a764ef21-d18e-452e-9c77-25924a2a430c,"#N/A",USD,"#N/A","#N/A","#N/A",false,false,"#N/A","#N/A","#N/A","#N/A","#N/A",false,false,false,"#N/A","#N/A","#N/A","#N/A",a74e1e8b-71ab-40b5-8a76-e0349b0712e8,"#N/A","#N/A","#N/A","#N/A",false,"#N/A",889e0a27-9ed4-42a5-b579-056913474523,"#N/A","#N/A",330.0,c09be5db-82f2-482d-ba5f-98b6d754e3a8,false,1.0,"#N/A",false,false,"#N/A",false,Component,"#N/A",false,false,"#N/A"
aa08c4d0-1911-4dcc-a528-cfd082988e59,"#N/A",USD,Extended Care,"#N/A","#N/A",false,true,"#N/A","#N/A",240.0,Onsite,"#N/A",false,false,false,"#N/A","#N/A","#N/A","#N/A",926fe7ea-bde3-4cad-8ae4-d29bd9e9fde6,"#N/A","#N/A","#N/A","#N/A",false,"#N/A",391c1a41-159a-461c-8985-4752c6a01989,5.0,"#N/A",220.0,3f698810-9057-478b-8e35-b24c9fc3374a,true,1.0,"#N/A",false,true,"#N/A",false,Accessory,"#N/A",false,false,"#N/A"
abce8ca8-0be9-4527-82a7-0224de0c172b,"#N/A",USD,"#N/A","#N/A","#N/A",false,false,"#N/A","#N/A","#N/A","#N/A","#N/A",false,false,false,"#N/A","#N/A","#N/A","#N/A",7c2c2842-78c5-4562-9c4e-4c422d31546b,"#N/A","#N/A","#N/A","#N/A",false,"#N/A",65451db4-c978-4257-8baf-ebbc2eeeb08c,"#N/A","#N/A",110.0,8b298ee8-15cb-44fa-b157-a91802c6649a,true,"#N/A","#N/A",false,false,"#N/A",true,Related Product,"#N/A",false,false,"#N/A"
b01ca869-8fd7-4ad7-b15c-1d1b924007f6,"#N/A",USD,"#N/A","#N/A","#N/A",false,true,"#N/A","#N/A",240.0,"#N/A",On Selection,true,false,false,"#N/A","#N/A","#N/A","#N/A",c7d56634-c54c-449c-b0bc-19b3793223df,"#N/A","#N/A","#N/A","#N/A",false,"#N/A",43ec26ed-7289-4b2e-a899-e4554ea3ae13,"#N/A","#N/A",380.0,14c72aef-6d1b-412a-b594-d9154afe26b1,true,1.0,Always,false,false,"#N/A",false,Component,"#N/A",false,false,"#N/A"
b197e8d3-41da-4202-8937-34eaaa3587be,"#N/A",USD,Extended Care,"#N/A","#N/A",false,true,"#N/A","#N/A",240.0,Onsite,"#N/A",false,false,false,"#N/A","#N/A","#N/A","#N/A",926fe7ea-bde3-4cad-8ae4-d29bd9e9fde6,"#N/A","#N/A","#N/A","#N/A",false,"#N/A",9fab170e-4954-4e91-af08-78d3ea0ba1a9,"#N/A","#N/A",410.0,3e64d2d5-a2e8-4412-bbab-64e24ef1e2d1,false,1.0,"#N/A",false,false,"#N/A",false,Component,"#N/A",false,false,"#N/A"
b6605b48-407d-431e-82e3-ca5e60debf1d,"#N/A",USD,"#N/A","#N/A","#N/A",false,true,"#N/A","#N/A",240.0,"#N/A","#N/A",false,false,false,"#N/A","#N/A","#N/A","#N/A",009bc946-cea0-4aaf-aa98-299be283cdcb,"#N/A","#N/A","#N/A","#N/A",false,"#N/A",aac8976e-8595-4782-b1ba-0aca1542d160,1.0,0.0,420.0,9c7c3729-4c4e-4c0a-a1ed-5c4a6eaaf85f,false,1.0,"#N/A",false,true,"#N/A",false,Component,"#N/A",false,false,"#N/A"
b69cee45-fbd6-4c75-9931-892d5eab50ba,"#N/A",USD,"#N/A","#N/A","#N/A",false,false,"#N/A","#N/A","#N/A","#N/A","#N/A",false,false,false,"#N/A","#N/A","#N/A","#N/A",7c2c2842-78c5-4562-9c4e-4c422d31546b,"#N/A","#N/A","#N/A","#N/A",false,"#N/A",65451db4-c978-4257-8baf-ebbc2eeeb08c,"#N/A","#N/A",120.0,cd5526e1-e2a8-4d16-a60c-38b3742e7b3a,true,"#N/A","#N/A",false,false,"#N/A",true,Related Product,"#N/A",false,false,"#N/A"
b6cd816d-77b0-4c8c-aa19-c44faf3561bc,"#N/A",USD,"#N/A","#N/A","#N/A",false,true,"#N/A","#N/A",240.0,"#N/A","#N/A",false,false,false,"#N/A","#N/A","#N/A","#N/A",c7d56634-c54c-449c-b0bc-19b3793223df,"#N/A","#N/A","#N/A","#N/A",false,"#N/A",2f8b4111-0a8f-4039-ba46-6a0b42ab9802,1.0,0.0,930.0,1e654a9e-9e39-4e0c-84d9-6f270841b9fb,false,1.0,"#N/A",false,false,"#N/A",false,Component,"#N/A",false,false,"#N/A"
b8fdfe6f-6fe1-4602-ba91-6d42d08e40e1,"#N/A",USD,"#N/A","#N/A","#N/A",false,true,"#N/A","#N/A",240.0,"#N/A","#N/A",false,false,false,"#N/A","#N/A","#N/A","#N/A",009bc946-cea0-4aaf-aa98-299be283cdcb,"#N/A","#N/A","#N/A","#N/A",false,"#N/A",4c37dba1-c3bd-4993-92fd-7d88e0b038e2,1.0,0.0,310.0,7dd4e8b3-3b2e-489c-a31b-669aef971c7f,false,1.0,"#N/A",false,false,"#N/A",false,Component,"#N/A",false,false,"#N/A"
b9c48241-297e-4684-bc38-d4dad0fdbfa7,"#N/A",USD,"#N/A","#N/A","#N/A",false,true,"#N/A","#N/A",240.0,"#N/A",On Selection,true,false,false,"#N/A","#N/A","#N/A","#N/A",c7d56634-c54c-449c-b0bc-19b3793223df,"#N/A","#N/A","#N/A","#N/A",false,"#N/A",43ec26ed-7289-4b2e-a899-e4554ea3ae13,"#N/A","#N/A",320.0,cfcfe534-c704-4839-9e56-ebe6c94b966c,true,1.0,Always,false,false,"#N/A",false,Component,"#N/A",false,false,"#N/A"
ba7879ff-d1a8-4fce-a07a-5cdd31dfd8c9,"#N/A",USD,"#N/A","#N/A","#N/A",false,true,"#N/A","#N/A",240.0,"#N/A","#N/A",false,false,false,"#N/A","#N/A","#N/A","#N/A",c7d56634-c54c-449c-b0bc-19b3793223df,"#N/A","#N/A","#N/A","#N/A",false,"#N/A",e2f1dca5-a90d-46ce-8421-02afeac31ac1,"#N/A","#N/A",1110.0,c6213570-14ae-4f40-94ad-ccfd207fc256,true,1.0,Always,false,false,"#N/A",false,Component,"#N/A",false,false,"#N/A"
bbd1d314-5539-484b-a4d8-957d11eb4965,"#N/A",USD,"#N/A","#N/A","#N/A",false,false,"#N/A","#N/A","#N/A","#N/A","#N/A",false,false,false,"#N/A","#N/A","#N/A","#N/A",dca7fde9-8b84-4fbb-b759-e32e06ac1f45,"#N/A","#N/A","#N/A","#N/A",false,"#N/A",54d5150f-4970-4820-a596-f761ca8fa5c0,"#N/A","#N/A",100.0,13839322-d7ad-4886-9183-5dbef28796e3,true,4.0,"#N/A",false,true,"#N/A",false,Component,"#N/A",false,false,"#N/A"
bbd31274-2f97-4f97-b71a-9e2ea52ba50c,"#N/A",USD,"#N/A","#N/A","#N/A",false,true,"#N/A","#N/A",240.0,"#N/A","#N/A",false,false,false,"#N/A","#N/A","#N/A","#N/A",c7d56634-c54c-449c-b0bc-19b3793223df,"#N/A","#N/A","#N/A","#N/A",false,"#N/A",3c58bf68-0de5-488c-899b-f88185d2a246,"#N/A","#N/A",510.0,7f36b614-4d59-4cd6-920e-f0403f9c4d66,true,1.0,Always,false,true,"#N/A",false,Component,"#N/A",false,false,"#N/A"
bcf1cc2b-727c-4def-9e54-e020beeb97cd,"#N/A",USD,"#N/A","#N/A","#N/A",false,true,"#N/A","#N/A",240.0,"#N/A",Always,true,false,false,"#N/A","#N/A","#N/A","#N/A",c7d56634-c54c-449c-b0bc-19b3793223df,"#N/A","#N/A","#N/A","#N/A",false,"#N/A",62915247-96ad-47d0-b953-a5d561fa91a4,"#N/A","#N/A",240.0,c043c1cc-f28d-41fb-89b5-1ee4a79210d2,true,1.0,Always,false,false,"#N/A",false,Component,"#N/A",false,false,"#N/A"
c3dec134-99ff-4767-908e-c705494075e4,"#N/A",USD,"#N/A","#N/A","#N/A",false,false,"#N/A","#N/A",240.0,"#N/A","#N/A",false,false,false,"#N/A","#N/A","#N/A","#N/A",66973606-e9b9-4f41-bacd-48e4878af41f,"#N/A","#N/A","#N/A","#N/A",false,"#N/A",3a01afec-0be0-4dea-9633-246588f2953f,"#N/A","#N/A",520.0,4ca951a2-ca36-4252-833c-fde9976dce8b,true,1.0,"#N/A",false,false,"#N/A",false,Related Product,"#N/A",false,false,"#N/A"
c4a9177e-d6d3-4c6c-8021-0be304083b9f,"#N/A",USD,"#N/A","#N/A","#N/A",false,true,"#N/A","#N/A",240.0,"#N/A","#N/A",false,false,false,"#N/A","#N/A","#N/A","#N/A",009bc946-cea0-4aaf-aa98-299be283cdcb,"#N/A","#N/A","#N/A","#N/A",false,"#N/A",4c37dba1-c3bd-4993-92fd-7d88e0b038e2,1.0,0.0,340.0,41c70dde-1cdf-4b7d-b8e0-75f5dfb108a5,false,1.0,"#N/A",false,false,"#N/A",false,Component,"#N/A",false,false,"#N/A"
c4dcc16f-f0a0-4188-871e-3766e10d6c60,"#N/A",USD,"#N/A","#N/A","#N/A",false,false,"#N/A","#N/A",240.0,"#N/A","#N/A",false,false,false,"#N/A","#N/A","#N/A","#N/A",66973606-e9b9-4f41-bacd-48e4878af41f,"#N/A","#N/A","#N/A","#N/A",false,"#N/A",2f07d6d6-b6ea-419e-9768-e4c96ccf92cc,"#N/A",10.0,610.0,0c7c1010-a3b9-4da1-b015-f86352101a85,true,10.0,"#N/A",false,false,"#N/A",false,Related Product,"#N/A",false,false,"#N/A"
c59a7f09-a0c5-4cdb-a324-74d61b5d8bdc,"#N/A",USD,Extended Care,"#N/A","#N/A",false,true,"#N/A","#N/A",240.0,Onsite,"#N/A",false,false,false,"#N/A","#N/A","#N/A","#N/A",7235c148-a4f3-4e7d-b385-0f5809b7f241,"#N/A","#N/A","#N/A","#N/A",false,"#N/A",cc61593e-367b-4b69-a848-d5c3c8effd33,"#N/A",2.0,350.0,01508c7e-3014-4b30-9852-b67273c3c9cb,true,8.0,"#N/A",false,false,"#N/A",false,Related Product,"#N/A",false,false,"#N/A"
c980d314-21ba-468f-93b9-edbd818f5fdf,"#N/A",USD,"#N/A","#N/A","#N/A",false,false,"#N/A","#N/A","#N/A","#N/A","#N/A",false,false,false,"#N/A","#N/A","#N/A","#N/A",7c2c2842-78c5-4562-9c4e-4c422d31546b,"#N/A","#N/A","#N/A","#N/A",false,"#N/A",7fa030d3-249f-48a5-a4d8-131da90950e4,"#N/A","#N/A",710.0,b1194756-d6a1-465d-908e-30d97902de38,false,1.0,"#N/A",false,false,"#N/A",false,Related Product,"#N/A",false,false,"#N/A"
c9ff2c6b-214d-447a-ac1d-96197c01b818,"#N/A",USD,Extended Care,"#N/A","#N/A",false,true,"#N/A","#N/A",240.0,Onsite,"#N/A",false,false,false,"#N/A","#N/A","#N/A","#N/A",7235c148-a4f3-4e7d-b385-0f5809b7f241,"#N/A","#N/A","#N/A","#N/A",false,"#N/A",6c5e0ea2-4298-4adb-b308-2ccca83a3b45,"#N/A",2.0,110.0,7d9b4d6f-83fb-48bf-a04d-5731b7844f1a,true,8.0,"#N/A",false,false,"#N/A",false,Related Product,"#N/A",false,false,"#N/A"
cc4ef184-3ea2-4a9e-98fc-ee1f95ee9bc2,"#N/A",USD,Extended Care,"#N/A","#N/A",false,true,"#N/A","#N/A",240.0,Onsite,"#N/A",false,false,false,"#N/A","#N/A","#N/A","#N/A",926fe7ea-bde3-4cad-8ae4-d29bd9e9fde6,"#N/A","#N/A","#N/A","#N/A",false,"#N/A",15fb50a6-2342-4f0e-8492-2c0942d61c18,"#N/A","#N/A",330.0,fa74b738-a5c1-4aa5-8142-4e8eb2ca4c12,false,1.0,"#N/A",false,false,"#N/A",false,Component,"#N/A",false,false,"#N/A"
ccf6d80e-37a1-4ed5-b977-7d693b8a67be,"#N/A",USD,Extended Care,"#N/A","#N/A",false,true,"#N/A","#N/A",240.0,Onsite,"#N/A",false,false,false,"#N/A","#N/A","#N/A","#N/A",926fe7ea-bde3-4cad-8ae4-d29bd9e9fde6,"#N/A","#N/A","#N/A","#N/A",false,"#N/A",a0552eec-0389-43d1-be37-a99296b70e1f,"#N/A","#N/A",110.0,eddbc801-1ba3-4a76-9457-37a8b5aa366b,true,1.0,"#N/A",false,true,"#N/A",false,Related Product,"#N/A",false,false,"#N/A"
ce2fe4cd-e58d-4603-8dbd-9237beab9c5a,"#N/A",USD,"#N/A","#N/A","#N/A",false,true,"#N/A","#N/A",240.0,"#N/A","#N/A",false,false,false,"#N/A","#N/A","#N/A","#N/A",c7d56634-c54c-449c-b0bc-19b3793223df,"#N/A","#N/A","#N/A","#N/A",false,"#N/A",32005474-eec6-4b0e-aa52-846c605c1f81,"#N/A","#N/A",850.0,29b4b0d0-12ef-4697-b0c4-fec35e105388,false,1.0,"#N/A",false,false,"#N/A",false,Component,"#N/A",false,false,"#N/A"
ceee53b9-3e2d-46e5-aeb7-91a22aa2eb08,"#N/A",USD,"#N/A","#N/A","#N/A",false,true,"#N/A","#N/A",240.0,"#N/A","#N/A",false,false,false,"#N/A","#N/A","#N/A","#N/A",c7d56634-c54c-449c-b0bc-19b3793223df,"#N/A","#N/A","#N/A","#N/A",false,"#N/A",2f8b4111-0a8f-4039-ba46-6a0b42ab9802,1.0,0.0,910.0,5fb5a3e4-3f4d-484d-abf3-1eb0a5b313a1,false,1.0,"#N/A",false,true,"#N/A",false,Related Product,"#N/A",false,false,"#N/A"
cfc69a3b-61ef-4e82-86ec-0fe83caaa110,"#N/A",USD,"#N/A","#N/A","#N/A",false,false,"#N/A","#N/A",666.0,"#N/A","#N/A",false,false,false,"#N/A","#N/A","#N/A","#N/A",7c2c2842-78c5-4562-9c4e-4c422d31546b,"#N/A","#N/A","#N/A","#N/A",false,"#N/A",c193cab7-9592-4d97-893a-e4027926e81c,"#N/A","#N/A",240.0,efb44851-c905-487b-97d6-e6ea5a7ebb27,true,1.0,"#N/A",false,false,"#N/A",false,Related Product,"#N/A",false,false,"#N/A"
d2cfd832-dbf4-449f-85da-d584d2cbf309,"#N/A",USD,"#N/A","#N/A","#N/A",false,false,"#N/A","#N/A","#N/A","#N/A","#N/A",false,false,false,"#N/A","#N/A","#N/A","#N/A",7c2c2842-78c5-4562-9c4e-4c422d31546b,"#N/A","#N/A","#N/A","#N/A",false,"#N/A",cc633f81-2f90-497e-8529-5f4f65e154c5,"#N/A",10.0,610.0,0c7c1010-a3b9-4da1-b015-f86352101a85,true,10.0,"#N/A",false,false,"#N/A",false,Related Product,"#N/A",false,false,"#N/A"
d4504554-7afd-40e6-a2ac-2a1bd59e8868,"#N/A",USD,Extended Care,"#N/A","#N/A",false,true,"#N/A","#N/A",240.0,Onsite,"#N/A",false,false,false,"#N/A","#N/A","#N/A","#N/A",926fe7ea-bde3-4cad-8ae4-d29bd9e9fde6,"#N/A","#N/A","#N/A","#N/A",false,"#N/A",a0552eec-0389-43d1-be37-a99296b70e1f,"#N/A","#N/A",120.0,5003bce8-a320-41b2-8773-78601530b72b,true,350.0,"#N/A",true,true,"#N/A",false,Related Product,"#N/A",false,false,"#N/A"
d54b6fe8-472c-45ef-b8d3-c26dadbb9469,"#N/A",USD,"#N/A","#N/A","#N/A",false,true,"#N/A","#N/A",240.0,"#N/A","#N/A",false,false,false,"#N/A","#N/A","#N/A","#N/A",c7d56634-c54c-449c-b0bc-19b3793223df,"#N/A","#N/A","#N/A","#N/A",false,"#N/A",2150f55c-9a7e-49e6-9935-9e79e9c3463c,"#N/A","#N/A",130.0,af2d9b54-fb22-41fe-a86c-44ac1460832d,true,1.0,Always,false,false,"#N/A",false,Component,"#N/A",false,false,"#N/A"
d7776288-4f4d-42d8-9bdc-80c00aa1112e,"#N/A",USD,"#N/A","#N/A","#N/A",false,false,"#N/A","#N/A",666.0,"#N/A","#N/A",false,false,false,"#N/A","#N/A","#N/A","#N/A",66973606-e9b9-4f41-bacd-48e4878af41f,"#N/A","#N/A","#N/A","#N/A",false,"#N/A",7a263374-074b-410c-85f3-df060d3aebe0,"#N/A","#N/A",240.0,efb44851-c905-487b-97d6-e6ea5a7ebb27,true,1.0,"#N/A",false,false,"#N/A",false,Related Product,"#N/A",false,false,"#N/A"
d9445d92-03de-463c-a4a6-2909125ea80f,"#N/A",USD,Extended Care,"#N/A","#N/A",false,true,"#N/A","#N/A",240.0,Onsite,"#N/A",false,false,false,"#N/A","#N/A","#N/A","#N/A",926fe7ea-bde3-4cad-8ae4-d29bd9e9fde6,"#N/A","#N/A","#N/A","#N/A",false,"#N/A",9fab170e-4954-4e91-af08-78d3ea0ba1a9,"#N/A","#N/A",440.0,7235c148-a4f3-4e7d-b385-0f5809b7f241,false,1.0,"#N/A",false,false,"#N/A",false,Component,"#N/A",false,false,"#N/A"
ddef7964-9998-4456-8027-615d4574fb37,"#N/A",USD,"#N/A","#N/A","#N/A",false,true,"#N/A","#N/A",240.0,"#N/A","#N/A",false,false,false,"#N/A","#N/A","#N/A","#N/A",c7d56634-c54c-449c-b0bc-19b3793223df,"#N/A","#N/A","#N/A","#N/A",false,"#N/A",9dc58c65-80f7-4d74-a8ce-2c6f1da4b12d,"#N/A","#N/A",1210.0,c862d260-f72f-4fea-8f53-a2c9908cf78a,false,1.0,Always,false,true,"#N/A",false,Accessory,"#N/A",false,false,"#N/A"
ded7a127-6b3c-4383-aada-6f13d4b26812,"#N/A",USD,Extended Care,"#N/A","#N/A",false,true,"#N/A","#N/A",240.0,Onsite,"#N/A",false,false,false,"#N/A","#N/A","#N/A","#N/A",dca7fde9-8b84-4fbb-b759-e32e06ac1f45,"#N/A","#N/A","#N/A","#N/A",false,"#N/A",e29e891a-8d65-48de-b594-04ea7a4299bc,"#N/A","#N/A",3.0,04f976eb-9a78-4af7-bb37-5a97f896f9f8,true,4.0,"#N/A",false,false,"#N/A",false,Related Product,"#N/A",false,false,"#N/A"
df43a018-eea2-46ee-9464-3d350f89c393,"#N/A",USD,"#N/A","#N/A","#N/A",false,false,"#N/A","#N/A","#N/A","#N/A","#N/A",false,false,false,"#N/A","#N/A","#N/A","#N/A",7c2c2842-78c5-4562-9c4e-4c422d31546b,"#N/A","#N/A","#N/A","#N/A",false,"#N/A",31158a66-fc15-438a-b402-5ad572436af4,"#N/A","#N/A",10.0,432fb8e4-e17b-404c-8a8c-321e1a968a4c,false,1.0,"#N/A",false,true,"#N/A",false,Related Product,"#N/A",false,false,"#N/A"
e0fc0626-bb95-4841-8c8e-96952fd4c2ff,"#N/A",USD,"#N/A","#N/A","#N/A",false,false,"#N/A","#N/A","#N/A","#N/A","#N/A",false,false,false,"#N/A","#N/A","#N/A","#N/A",7c2c2842-78c5-4562-9c4e-4c422d31546b,"#N/A","#N/A","#N/A","#N/A",false,"#N/A",cc633f81-2f90-497e-8529-5f4f65e154c5,"#N/A","#N/A",600.0,f6cd576b-77c5-4404-ab53-17caa771da15,false,1.0,"#N/A",false,true,"#N/A",false,Related Product,"#N/A",false,false,"#N/A"
e3ddb099-568e-4cea-be6f-1852c5a1d74f,"#N/A",USD,Extended Care,"#N/A","#N/A",false,true,"#N/A","#N/A",240.0,Onsite,"#N/A",false,false,false,"#N/A","#N/A","#N/A","#N/A",926fe7ea-bde3-4cad-8ae4-d29bd9e9fde6,"#N/A","#N/A","#N/A","#N/A",false,"#N/A",391c1a41-159a-461c-8985-4752c6a01989,"#N/A","#N/A",210.0,797ad713-7f35-4431-88cb-8abe402058e2,false,1.0,"#N/A",false,false,"#N/A",false,Component,"#N/A",false,false,"#N/A"
e7f9c435-262c-475c-b3bb-456a2ddfe81c,"#N/A",USD,Extended Care,"#N/A","#N/A",false,true,"#N/A","#N/A",240.0,Onsite,"#N/A",false,false,false,"#N/A","#N/A","#N/A","#N/A",926fe7ea-bde3-4cad-8ae4-d29bd9e9fde6,"#N/A","#N/A","#N/A","#N/A",false,"#N/A",9fab170e-4954-4e91-af08-78d3ea0ba1a9,"#N/A","#N/A",420.0,9d3dab64-174d-4302-9aa3-aadcfe342931,true,25.0,"#N/A",false,true,"#N/A",false,Related Product,"#N/A",false,false,"#N/A"
eb912f4a-aae6-453a-97ff-7229a8e0e09d,"#N/A",USD,Extended Care,"#N/A","#N/A",false,true,"#N/A","#N/A",240.0,Onsite,"#N/A",false,false,false,"#N/A","#N/A","#N/A","#N/A",dca7fde9-8b84-4fbb-b759-e32e06ac1f45,"#N/A","#N/A","#N/A","#N/A",false,"#N/A",e29e891a-8d65-48de-b594-04ea7a4299bc,"#N/A","#N/A",2.0,37e7db78-8aac-406d-abb4-556ffd761045,true,8.0,"#N/A",false,false,"#N/A",false,Related Product,"#N/A",false,false,"#N/A"
ec5462aa-23f8-4231-acb6-b040d87a3814,"#N/A",USD,Extended Care,"#N/A","#N/A",false,true,"#N/A","#N/A",240.0,Onsite,"#N/A",false,false,false,"#N/A","#N/A","#N/A","#N/A",7235c148-a4f3-4e7d-b385-0f5809b7f241,"#N/A","#N/A","#N/A","#N/A",false,"#N/A",cc61593e-367b-4b69-a848-d5c3c8effd33,"#N/A",2.0,340.0,5fc62811-3e6c-491f-8f04-67c3ea5680db,true,8.0,"#N/A",false,false,"#N/A",false,Related Product,"#N/A",false,false,"#N/A"
ed0e5e86-053c-4932-acae-4530cd4a474d,"#N/A",USD,Extended Care,"#N/A","#N/A",false,true,"#N/A","#N/A",240.0,Onsite,"#N/A",false,false,false,"#N/A","#N/A","#N/A","#N/A",926fe7ea-bde3-4cad-8ae4-d29bd9e9fde6,"#N/A","#N/A","#N/A","#N/A",false,"#N/A",9fab170e-4954-4e91-af08-78d3ea0ba1a9,"#N/A","#N/A",430.0,6f7850b8-33de-4402-8c55-165f1b447820,false,1.0,"#N/A",false,false,"#N/A",false,Component,"#N/A",false,false,"#N/A"
ed263284-8591-4815-8960-1bb0336b55b2,"#N/A",USD,"#N/A","#N/A","#N/A",false,true,"#N/A","#N/A",240.0,"#N/A","#N/A",false,false,false,"#N/A","#N/A","#N/A","#N/A",c7d56634-c54c-449c-b0bc-19b3793223df,"#N/A","#N/A","#N/A","#N/A",false,"#N/A",f3aea816-9cbb-45b3-a3ef-e8a552cd6c05,"#N/A","#N/A",610.0,cfd88772-97f9-4b1a-a486-2606cd0c3b30,true,1.0,Always,false,false,"#N/A",false,Component,"#N/A",false,false,"#N/A"
edb4c06f-e84a-437d-a125-85cccf8685f0,"#N/A",USD,"#N/A","#N/A","#N/A",false,true,"#N/A","#N/A",240.0,"#N/A","#N/A",false,false,false,"#N/A","#N/A","#N/A","#N/A",c7d56634-c54c-449c-b0bc-19b3793223df,"#N/A","#N/A","#N/A","#N/A",false,"#N/A",0d27392f-b107-4e06-8f01-b88fddcf931b,"#N/A","#N/A",450.0,9adf05af-f9b1-4f4f-b58e-fc02b4acf4f2,false,1.0,Always,false,false,"#N/A",false,Component,"#N/A",false,false,"#N/A"
f00e8978-db31-4fc6-b31c-b86ebc949271,"#N/A",USD,"#N/A","#N/A","#N/A",false,true,"#N/A","#N/A",240.0,"#N/A",On Selection,true,false,false,"#N/A","#N/A","#N/A","#N/A",c7d56634-c54c-449c-b0bc-19b3793223df,"#N/A","#N/A","#N/A","#N/A",false,"#N/A",43ec26ed-7289-4b2e-a899-e4554ea3ae13,"#N/A","#N/A",310.0,617cdbdb-6ec0-4ce4-ae68-dcb0269226aa,true,1.0,Always,false,false,"#N/A",false,Component,"#N/A",false,false,"#N/A"
f22a9d54-8739-466a-88fd-fa985a8ccfc9,"#N/A",USD,"#N/A","#N/A","#N/A",false,true,"#N/A","#N/A",240.0,"#N/A","#N/A",false,false,false,"#N/A","#N/A","#N/A","#N/A",c7d56634-c54c-449c-b0bc-19b3793223df,"#N/A","#N/A","#N/A","#N/A",false,"#N/A",e89c3846-5f3f-40e4-a7f9-3a9775d0b015,"#N/A","#N/A",720.0,2711d4ae-cef9-4f69-926a-4872e52dcb84,true,1.0,Always,false,false,"#N/A",false,Component,"#N/A",false,false,"#N/A"
f3ff0aca-d193-463c-a396-63b13970de56,"#N/A",USD,"#N/A","#N/A","#N/A",false,false,"#N/A","#N/A","#N/A","#N/A","#N/A",true,false,false,"#N/A","#N/A","#N/A","#N/A",7c2c2842-78c5-4562-9c4e-4c422d31546b,"#N/A","#N/A","#N/A","#N/A",false,"#N/A",31158a66-fc15-438a-b402-5ad572436af4,"#N/A","#N/A",20.0,15bdf9c7-5f0d-4951-9f4c-7526f5bb14d0,false,1.0,"#N/A",false,false,"#N/A",false,Related Product,"#N/A",false,false,"#N/A"
fa9934ec-ffd6-4214-b990-069a9b280bf9,"#N/A",USD,"#N/A","#N/A","#N/A",false,true,"#N/A","#N/A",240.0,"#N/A",Always,true,false,false,"#N/A","#N/A","#N/A","#N/A",c7d56634-c54c-449c-b0bc-19b3793223df,"#N/A","#N/A","#N/A","#N/A",false,"#N/A",62915247-96ad-47d0-b953-a5d561fa91a4,"#N/A","#N/A",210.0,fc05e7cd-1dd3-44ac-a67f-86718e14e77d,true,1.0,Always,false,false,"#N/A",false,Component,"#N/A",false,false,"#N/A"
fba26abc-71d7-4aaa-adca-6e7287626a68,"#N/A",USD,"#N/A","#N/A","#N/A",false,true,"#N/A","#N/A",240.0,"#N/A",Always,true,false,false,"#N/A","#N/A","#N/A","#N/A",c7d56634-c54c-449c-b0bc-19b3793223df,"#N/A","#N/A","#N/A","#N/A",false,"#N/A",62915247-96ad-47d0-b953-a5d561fa91a4,"#N/A","#N/A",220.0,009bc946-cea0-4aaf-aa98-299be283cdcb,true,1.0,Always,false,false,"#N/A",false,Component,"#N/A",false,false,"#N/A"
ffc8d1b1-6c35-46df-af5f-bfe10a201fe4,"#N/A",USD,Extended Care,"#N/A","#N/A",false,true,"#N/A","#N/A",240.0,Onsite,"#N/A",false,false,false,"#N/A","#N/A","#N/A","#N/A",7235c148-a4f3-4e7d-b385-0f5809b7f241,"#N/A","#N/A","#N/A","#N/A",false,"#N/A",ac845296-a9a4-4978-a275-edab190c9bc3,"#N/A",2.0,210.0,32c2cd1a-426c-494a-b117-2e7e2fc52fd8,true,8.0,"#N/A",false,true,"#N/A",false,Related Product,"#N/A",false,false,"#N/A"
ffd17356-ff60-49ad-a019-8f7271bcd259,"#N/A",USD,"#N/A","#N/A","#N/A",false,true,"#N/A","#N/A",240.0,"#N/A","#N/A",false,false,false,"#N/A","#N/A","#N/A","#N/A",c7d56634-c54c-449c-b0bc-19b3793223df,"#N/A","#N/A","#N/A","#N/A",false,"#N/A",2150f55c-9a7e-49e6-9935-9e79e9c3463c,"#N/A","#N/A",120.0,f1293b13-181f-43d6-95f0-8820ace7b1b3,true,1.0,Always,false,false,"#N/A",false,Component,"#N/A",false,false,"#N/A"
